@@,0:0:59.66323,59787,0,0
97,-0.04,0.05,-0.25,9.56,-4.00,-49.19,-0.06,0.06,0.00,-0.59,-1.02,9.64
!!,0:0:59.66293,59757,22.87
@@,0:0:59.66323,59787,0,0
# Sensors init exited with 1
# Xbee init exited with 0
# SD init exited with 0
# GPS init exited with 1
!!,0:0:9.113,9113,22.89
@@,0:0:9.139,9139,0,0
##,0:0:9.960,9960,98938.00,201.75
%%,0:0:9.964,9964,1.00,-0.05,0.03,-0.00,12.06,17.06,-54.75,0.12,-0.19,-0.06,-0.63,-1.02,9.61
!!,0:0:10.59,10059,22.89
@@,0:0:10.86,10086,0,0
##,0:0:10.908,10908,98938.25,201.31
%%,0:0:10.913,10913,1.00,-0.05,0.03,-0.00,12.38,17.87,-54.75,0.00,-0.06,0.12,-0.60,-1.07,9.62
!!,0:0:11.12,11012,22.90
@@,0:0:11.38,11038,0,0
##,0:0:11.860,11860,98938.50,201.06
%%,0:0:11.865,11865,1.00,-0.05,0.03,-0.00,12.38,17.50,-53.56,0.25,0.12,-0.12,-0.59,-1.08,9.61
!!,0:0:11.964,11964,22.90
@@,0:0:11.992,11992,0,0
##,0:0:12.815,12815,98939.50,200.81
%%,0:0:12.819,12819,1.00,-0.05,0.03,-0.00,12.38,17.87,-53.19,0.19,0.12,0.00,-0.59,-1.02,9.62
!!,0:0:12.916,12916,22.90
@@,0:0:12.944,12944,0,0
##,0:0:13.767,13767,98940.25,201.06
%%,0:0:13.771,13771,1.00,-0.05,0.03,-0.00,12.38,17.06,-54.75,0.19,0.06,0.06,-0.59,-1.05,9.65
!!,0:0:13.869,13869,22.90
@@,0:0:13.896,13896,0,0
##,0:0:14.720,14720,98942.75,201.06
%%,0:0:14.724,14724,1.00,-0.05,0.03,-0.00,11.69,17.06,-54.38,0.12,0.12,-0.19,-0.61,-1.09,9.61
!!,0:0:14.823,14823,22.91
@@,0:0:14.851,14851,0,0
##,0:0:15.674,15674,98939.25,200.75
%%,0:0:15.678,15678,1.00,-0.05,0.03,-0.00,11.25,17.06,-53.56,-0.12,-0.12,0.06,-0.60,-1.04,9.63
!!,0:0:15.779,15779,22.91
@@,0:0:15.807,15807,0,0
##,0:0:16.630,16630,98942.00,200.88
%%,0:0:16.633,16633,1.00,-0.05,0.03,-0.00,12.06,17.06,-53.19,-0.12,-0.19,-0.06,-0.58,-1.05,9.65
!!,0:0:16.738,16738,22.91
@@,0:0:16.765,16765,0,0
##,0:0:17.589,17589,98944.00,200.94
%%,0:0:17.593,17593,1.00,-0.05,0.03,-0.00,11.00,17.06,-53.56,0.00,-0.12,0.00,-0.61,-1.05,9.64
!!,0:0:17.692,17692,22.92
@@,0:0:17.720,17720,0,0
##,0:0:18.543,18543,98942.75,200.94
%%,0:0:18.546,18546,1.00,-0.05,0.03,-0.00,12.06,17.87,-54.00,0.12,0.00,0.00,-0.61,-1.05,9.63
!!,0:0:18.644,18644,22.92
@@,0:0:18.672,18672,0,0
##,0:0:19.494,19494,98941.00,200.69
%%,0:0:19.499,19499,1.00,-0.05,0.03,-0.00,12.06,16.75,-54.00,0.00,-0.06,0.12,-0.60,-1.05,9.64
!!,0:0:19.598,19598,22.92
@@,0:0:19.627,19627,0,0
##,0:0:20.449,20449,98943.50,200.69
%%,0:0:20.453,20453,1.00,-0.05,0.03,-0.00,12.75,17.87,-54.00,0.12,0.19,-0.06,-0.57,-1.07,9.63
!!,0:0:20.552,20552,22.92
@@,0:0:20.581,20581,0,0
##,0:0:21.403,21403,98941.75,200.81
%%,0:0:21.407,21407,1.00,-0.05,0.03,-0.00,12.38,17.50,-54.38,0.00,0.00,0.06,-0.59,-1.05,9.63
!!,0:0:21.505,21505,22.93
@@,0:0:21.532,21532,0,0
##,0:0:22.355,22355,98941.25,201.25
%%,0:0:22.360,22360,1.00,-0.05,0.03,-0.00,12.38,17.50,-53.56,-0.12,-0.06,0.06,-0.60,-1.04,9.67
!!,0:0:22.461,22461,22.93
@@,0:0:22.489,22489,0,0
##,0:0:23.312,23312,98942.75,200.88
%%,0:0:23.317,23317,1.00,-0.05,0.03,-0.00,12.38,18.19,-54.38,-0.12,-0.06,0.19,-0.58,-1.08,9.52
!!,0:0:23.417,23417,22.93
@@,0:0:23.445,23445,0,0
##,0:0:24.268,24268,98944.25,201.25
%%,0:0:24.272,24272,1.00,-0.05,0.03,-0.00,12.75,18.19,-52.75,0.06,0.00,0.06,-0.58,-0.99,9.67
!!,0:0:24.370,24370,22.93
@@,0:0:24.397,24397,0,0
##,0:0:25.221,25221,98943.50,200.88
%%,0:0:25.225,25225,1.00,-0.05,0.03,-0.00,12.06,17.06,-53.56,0.25,0.19,-0.12,-0.58,-1.06,9.64
!!,0:0:25.324,25324,22.93
@@,0:0:25.352,25352,0,0
##,0:0:26.175,26175,98942.75,200.88
%%,0:0:26.179,26179,1.00,-0.05,0.03,-0.00,11.69,15.56,-54.00,0.31,0.19,-0.12,-0.61,-1.04,9.58
!!,0:0:26.278,26278,22.94
@@,0:0:26.306,26306,0,0
##,0:0:27.129,27129,98943.00,201.06
%%,0:0:27.133,27133,1.00,-0.05,0.03,-0.00,12.06,16.75,-53.19,0.06,-0.06,-0.06,-0.59,-1.10,9.59
!!,0:0:27.235,27235,22.94
@@,0:0:27.262,27262,0,0
##,0:0:28.86,28086,98941.00,201.25
%%,0:0:28.91,28091,1.00,-0.05,0.03,-0.00,12.75,17.87,-53.19,-0.19,0.00,-0.12,-0.62,-1.05,9.61
!!,0:0:28.188,28188,22.94
@@,0:0:28.216,28216,0,0
##,0:0:29.39,29039,98938.75,200.81
%%,0:0:29.44,29044,1.00,-0.05,0.03,-0.00,12.06,17.50,-53.56,-0.12,-0.06,0.06,-0.60,-1.06,9.59
!!,0:0:29.142,29142,22.94
@@,0:0:29.169,29169,0,0
##,0:0:29.992,29992,98939.25,200.81
%%,0:0:29.998,29998,1.00,-0.05,0.03,-0.00,12.38,17.50,-53.56,0.00,-0.19,0.06,-0.60,-1.05,9.63
!!,0:0:30.96,30096,22.95
@@,0:0:30.123,30123,0,0
##,0:0:30.946,30946,98942.50,200.88
%%,0:0:30.951,30951,1.00,-0.05,0.03,-0.00,12.06,17.50,-54.00,-0.06,0.00,0.06,-0.59,-1.04,9.60
!!,0:0:31.49,31049,22.95
@@,0:0:31.76,31076,0,0
##,0:0:31.898,31898,98942.50,201.13
%%,0:0:31.903,31903,1.00,-0.05,0.03,-0.00,13.19,17.06,-53.56,0.06,0.06,-0.12,-0.59,-1.06,9.59
!!,0:0:32.2,32002,22.95
@@,0:0:32.27,32027,0,0
##,0:0:32.849,32849,98943.50,201.19
%%,0:0:32.854,32854,1.00,-0.05,0.03,-0.00,12.06,17.06,-54.75,0.06,0.00,0.12,-0.59,-1.05,9.60
!!,0:0:32.951,32951,22.96
@@,0:0:32.978,32978,0,0
##,0:0:33.66338,33802,98941.25,201.06
%%,0:0:33.66342,33806,1.00,-0.05,0.03,-0.00,12.38,17.50,-54.00,-0.06,0.06,-0.19,-0.61,-1.06,9.61
!!,0:0:33.66449,33913,22.96
@@,0:0:33.66479,33943,0,0
##,0:0:34.66304,34768,98944.00,201.06
%%,0:0:34.66308,34772,1.00,-0.05,0.03,-0.00,12.06,17.50,-54.38,0.19,-0.12,0.00,-0.58,-1.06,9.63
!!,0:0:34.66414,34878,22.96
@@,0:0:34.66444,34908,0,0
##,0:0:35.66269,35733,98944.25,200.94
%%,0:0:35.66273,35737,1.00,-0.05,0.03,-0.00,12.06,17.50,-53.25,0.06,0.00,-0.06,-0.61,-1.08,9.64
!!,0:0:35.66379,35843,22.96
@@,0:0:35.66408,35872,0,0
##,0:0:36.66234,36698,98945.00,200.81
%%,0:0:36.66239,36703,1.00,-0.05,0.03,-0.00,12.38,17.50,-53.56,-0.12,0.19,-0.06,-0.57,-1.05,9.46
!!,0:0:36.66346,36810,22.96
@@,0:0:36.66376,36840,0,0
##,0:0:37.66201,37665,98945.50,200.94
%%,0:0:37.66205,37669,1.00,-0.05,0.03,-0.00,12.75,16.75,-54.00,-0.06,0.06,-0.06,-0.58,-1.06,9.57
!!,0:0:37.66313,37777,22.97
@@,0:0:37.66343,37807,0,0
##,0:0:38.66168,38632,98944.25,201.00
%%,0:0:38.66171,38635,1.00,-0.05,0.03,-0.00,12.06,16.75,-54.00,-0.06,0.06,0.00,-0.62,-1.06,9.62
!!,0:0:38.66278,38742,22.97
@@,0:0:38.66307,38771,0,0
##,0:0:39.66133,39597,98942.50,200.69
%%,0:0:39.66137,39601,1.00,-0.05,0.03,-0.00,12.38,17.50,-53.56,-0.31,-0.37,0.00,-0.56,-1.05,9.38
!!,0:0:39.66244,39708,22.97
@@,0:0:39.66274,39738,0,0
##,0:0:40.66099,40563,98941.25,200.81
%%,0:0:40.66103,40567,1.00,-0.05,0.03,-0.00,12.06,17.06,-53.25,0.12,0.00,-0.06,-0.62,-1.02,9.64
!!,0:0:40.66209,40673,22.97
@@,0:0:40.66240,40704,0,0
##,0:0:41.66064,41528,98945.25,200.94
%%,0:0:41.66068,41532,1.00,-0.05,0.03,-0.00,12.06,17.87,-53.56,0.00,0.06,-0.12,-0.58,-1.08,9.60
!!,0:0:41.66174,41638,22.97
@@,0:0:41.66204,41668,0,0
##,0:0:42.66029,42493,98944.00,200.81
%%,0:0:42.66034,42498,1.00,-0.05,0.03,-0.00,12.38,17.87,-54.00,-0.12,-0.06,-0.12,-0.59,-1.05,9.60
!!,0:0:42.66143,42607,22.97
@@,0:0:42.66173,42637,0,0
##,0:0:43.65998,43462,98942.50,200.81
%%,0:0:43.66001,43465,1.00,-0.05,0.03,-0.00,12.38,17.87,-54.00,0.00,-0.19,0.06,-0.58,-1.06,9.64
!!,0:0:43.66108,43572,22.98
@@,0:0:43.66137,43601,0,0
##,0:0:44.65963,44427,98947.75,200.94
%%,0:0:44.65967,44431,1.00,-0.05,0.03,-0.00,12.38,18.19,-54.38,0.06,0.06,-0.06,-0.60,-0.99,9.62
!!,0:0:44.66072,44536,22.98
@@,0:0:44.66103,44567,0,0
##,0:0:45.65927,45391,98944.00,200.63
%%,0:0:45.65932,45396,1.00,-0.05,0.03,-0.00,12.06,18.56,-53.56,0.00,0.06,0.00,-0.59,-1.06,9.63
!!,0:0:45.66036,45500,22.98
@@,0:0:45.66066,45530,0,0
##,0:0:46.65890,46354,98945.50,200.63
%%,0:0:46.65895,46359,1.00,-0.05,0.03,-0.00,12.06,17.50,-53.56,-0.06,0.00,-0.06,-0.63,-1.01,9.57
!!,0:0:46.66003,46467,22.98
@@,0:0:46.66032,46496,0,0
##,0:0:47.65858,47322,98944.25,200.56
%%,0:0:47.65862,47326,1.00,-0.05,0.03,-0.00,12.06,17.50,-53.56,-0.06,0.06,0.00,-0.63,-1.06,9.63
!!,0:0:47.65967,47431,22.98
@@,0:0:47.65997,47461,0,0
##,0:0:48.65822,48286,98942.75,200.88
%%,0:0:48.65825,48289,1.00,-0.05,0.03,-0.00,12.38,17.50,-54.75,-0.06,0.00,-0.06,-0.62,-1.07,9.60
!!,0:0:48.65934,48398,22.98
@@,0:0:48.65964,48428,0,0
##,0:0:49.65789,49253,98944.00,200.81
%%,0:0:49.65794,49258,1.00,-0.05,0.03,-0.00,12.38,17.87,-53.25,0.06,0.00,0.06,-0.60,-1.05,9.61
!!,0:0:49.65896,49360,22.99
@@,0:0:49.65926,49390,0,0
##,0:0:50.65751,50215,98941.75,200.63
%%,0:0:50.65757,50221,1.00,-0.05,0.03,-0.00,12.75,17.06,-54.00,-0.12,0.00,-0.19,-0.61,-1.04,9.64
!!,0:0:50.65864,50328,22.99
@@,0:0:50.65894,50358,0,0
##,0:0:51.65719,51183,98946.75,201.00
%%,0:0:51.65722,51186,1.00,-0.05,0.03,-0.00,12.06,17.06,-53.56,-0.06,-0.19,0.00,-0.59,-1.04,9.63
!!,0:0:51.65831,51295,22.99
@@,0:0:51.65860,51324,0,0
##,0:0:52.65686,52150,98947.25,200.81
%%,0:0:52.65691,52155,1.00,-0.05,0.03,-0.00,12.38,17.06,-54.38,-0.12,0.06,0.00,-0.60,-1.05,9.61
!!,0:0:52.65795,52259,22.99
@@,0:0:52.65825,52289,0,0
##,0:0:53.65650,53114,98945.75,200.63
%%,0:0:53.65656,53120,1.00,-0.05,0.03,-0.00,12.06,18.19,-54.00,-0.06,0.00,0.00,-0.61,-1.07,9.63
!!,0:0:53.65760,53224,22.99
@@,0:0:53.65790,53254,0,0
##,0:0:54.65615,54079,98943.00,200.63
%%,0:0:54.65619,54083,1.00,-0.05,0.03,-0.00,11.69,18.19,-54.00,0.12,0.06,0.00,-0.60,-1.05,9.61
!!,0:0:54.65724,54188,22.99
@@,0:0:54.65753,54217,0,0
##,0:0:55.65578,55042,98944.50,200.25
%%,0:0:55.65582,55046,1.00,-0.05,0.03,-0.00,12.38,17.87,-54.75,0.31,0.06,0.06,-0.61,-1.06,9.61
!!,0:0:55.65686,55150,23.00
@@,0:0:55.65716,55180,0,0
##,0:0:56.65541,56005,98945.50,200.38
%%,0:0:56.65544,56008,1.00,-0.05,0.03,-0.00,12.38,17.06,-54.00,-0.06,0.06,0.00,-0.59,-1.08,9.67
!!,0:0:56.65651,56115,23.00
@@,0:0:56.65680,56144,0,0
##,0:0:56.66506,56970,98943.75,200.94
%%,0:0:56.66509,56973,1.00,-0.05,0.03,-0.00,12.06,18.19,-54.38,-0.12,0.06,0.06,-0.60,-1.05,9.61
!!,0:0:57.65615,57079,23.00
@@,0:0:57.65645,57109,0,0
##,0:0:57.66470,57934,98943.25,200.50
%%,0:0:57.66475,57939,1.00,-0.05,0.03,-0.00,12.38,17.87,-53.25,0.00,0.31,0.06,-0.60,-1.05,9.61
!!,0:0:58.65578,58042,23.00
@@,0:0:58.65608,58072,0,0
##,0:0:58.66433,58897,98944.50,200.50
%%,0:0:58.66437,58901,1.00,-0.05,0.03,-0.00,11.69,17.50,-54.75,0.19,0.00,0.00,-0.61,-1.05,9.63
!!,0:0:59.65540,59004,23.00
@@,0:0:59.65571,59035,0,0
##,0:0:59.66395,59859,98945.00,200.50
%%,0:0:59.66401,59865,1.00,-0.05,0.03,-0.00,11.69,17.50,-54.75,0.00,-0.12,-0.06,-0.62,-1.06,9.66
!!,0:0:59.66508,59972,23.00
@@,0:1:0.2,60002,0,0
##,0:1:0.822,60822,98941.75,200.38
%%,0:1:0.826,60826,1.00,-0.05,0.03,-0.00,13.50,17.50,-53.25,-0.19,-0.12,0.00,-0.60,-1.06,9.60
!!,0:1:0.923,60923,23.00
@@,0:1:0.951,60951,0,0
##,0:1:1.772,61772,98940.25,200.44
%%,0:1:1.776,61776,1.00,-0.05,0.03,-0.00,13.56,17.06,-54.38,0.06,0.00,0.06,-0.61,-1.04,9.63
!!,0:1:1.871,61871,23.00
@@,0:1:1.897,61897,0,0
##,0:1:2.720,62720,98945.50,200.44
%%,0:1:2.725,62725,1.00,-0.05,0.03,-0.00,12.06,17.50,-53.25,0.06,0.00,-0.06,-0.65,-1.05,9.61
!!,0:1:2.820,62820,23.01
@@,0:1:2.846,62846,0,0
##,0:1:3.669,63669,98946.75,200.63
%%,0:1:3.673,63673,1.00,-0.05,0.03,-0.00,11.69,18.56,-53.56,0.12,0.12,-0.19,-0.60,-1.03,9.66
!!,0:1:3.769,63769,23.01
@@,0:1:3.796,63796,0,0
##,0:1:4.618,64618,98947.25,200.63
%%,0:1:4.621,64621,1.00,-0.05,0.03,-0.00,11.69,17.06,-55.19,-0.06,-0.06,0.00,-0.61,-1.02,9.64
!!,0:1:4.720,64720,23.01
@@,0:1:4.747,64747,0,0
##,0:1:5.569,65569,98946.00,200.63
%%,0:1:5.573,65573,1.00,-0.05,0.03,-0.00,12.06,16.37,-53.25,0.06,0.00,0.06,-0.61,-1.04,9.62
!!,0:1:5.668,65668,23.01
@@,0:1:5.694,65694,0,0
##,0:1:6.516,66516,98950.25,200.38
%%,0:1:6.520,66520,1.00,-0.05,0.03,-0.00,12.38,16.75,-53.56,-0.12,0.06,-0.19,-0.60,-1.01,9.65
!!,0:1:6.618,66618,23.01
@@,0:1:6.646,66646,0,0
##,0:1:7.467,67467,98946.75,200.63
%%,0:1:7.471,67471,1.00,-0.05,0.03,-0.00,13.19,16.75,-53.25,-0.06,0.00,0.06,-0.56,-1.04,9.57
!!,0:1:7.567,67567,23.02
@@,0:1:7.595,67595,0,0
##,0:1:8.416,68416,98946.50,200.50
%%,0:1:8.421,68421,1.00,-0.05,0.03,-0.00,11.69,17.50,-54.38,0.00,0.00,0.00,-0.64,-1.02,9.67
!!,0:1:8.514,68514,23.02
@@,0:1:8.541,68541,0,0
##,0:1:9.363,69363,98946.50,200.44
%%,0:1:9.366,69366,1.00,-0.05,0.03,-0.00,12.06,16.37,-54.06,0.00,0.12,0.06,-0.62,-1.07,9.59
!!,0:1:9.462,69462,23.02
@@,0:1:9.488,69488,0,0
##,0:1:10.310,70310,98948.75,200.44
%%,0:1:10.316,70316,1.00,-0.05,0.03,-0.00,11.69,16.37,-54.38,0.00,-0.25,0.00,-0.60,-1.04,9.59
!!,0:1:10.414,70414,23.02
@@,0:1:10.441,70441,0,0
##,0:1:11.265,71265,98947.25,200.44
%%,0:1:11.269,71269,1.00,-0.05,0.03,-0.00,11.25,17.87,-54.38,-0.06,-0.19,-0.06,-0.58,-1.10,9.58
!!,0:1:11.372,71372,23.02
@@,0:1:11.400,71400,0,0
##,0:1:12.223,72223,98946.50,200.63
%%,0:1:12.228,72228,1.00,-0.05,0.03,-0.00,12.38,17.06,-52.88,0.06,0.12,0.00,-0.65,-1.09,9.66
!!,0:1:12.325,72325,23.03
@@,0:1:12.352,72352,0,0
##,0:1:13.176,73176,98948.50,200.50
%%,0:1:13.180,73180,1.00,-0.05,0.03,-0.00,13.19,18.19,-53.25,-0.06,-0.06,0.00,-0.61,-1.08,9.62
!!,0:1:13.281,73281,23.03
@@,0:1:13.309,73309,0,0
##,0:1:14.132,74132,98947.00,200.44
%%,0:1:14.136,74136,1.00,-0.05,0.03,-0.00,11.69,17.87,-53.56,-0.12,0.06,0.00,-0.57,-1.06,9.64
!!,0:1:14.235,74235,23.03
@@,0:1:14.263,74263,0,0
##,0:1:15.86,75086,98949.50,200.38
%%,0:1:15.89,75089,1.00,-0.05,0.03,-0.00,12.38,18.19,-54.75,-0.06,-0.12,0.00,-0.61,-1.06,9.59
!!,0:1:15.189,75189,23.03
@@,0:1:15.216,75216,0,0
##,0:1:16.40,76040,98951.50,200.50
%%,0:1:16.43,76043,1.00,-0.05,0.03,-0.00,12.75,18.19,-54.06,0.00,-0.12,0.00,-0.60,-1.07,9.62
!!,0:1:16.140,76140,23.04
@@,0:1:16.168,76168,0,0
##,0:1:16.990,76990,98947.25,200.56
%%,0:1:16.995,76995,1.00,-0.05,0.03,-0.00,12.75,17.87,-53.69,-0.06,0.00,-0.12,-0.60,-1.05,9.62
!!,0:1:17.96,77096,23.04
@@,0:1:17.123,77123,0,0
##,0:1:17.945,77945,98946.00,200.44
%%,0:1:17.949,77949,1.00,-0.05,0.03,-0.00,12.38,17.06,-53.25,-0.06,-0.06,-0.06,-0.59,-1.05,9.65
!!,0:1:18.54,78054,23.04
@@,0:1:18.81,78081,0,0
##,0:1:18.902,78902,98946.50,200.50
%%,0:1:18.906,78906,1.00,-0.05,0.03,-0.00,12.75,17.87,-52.50,-0.12,0.06,0.12,-0.61,-1.06,9.63
!!,0:1:19.5,79005,23.04
@@,0:1:19.32,79032,0,0
##,0:1:19.853,79853,98948.25,200.63
%%,0:1:19.857,79857,1.00,-0.05,0.03,-0.00,11.69,17.50,-52.50,-0.12,0.00,0.00,-0.59,-1.05,9.64
!!,0:1:19.956,79956,23.05
@@,0:1:19.985,79985,0,0
##,0:1:20.807,80807,98948.00,200.50
%%,0:1:20.812,80812,1.00,-0.05,0.03,-0.00,12.75,17.50,-54.06,0.19,0.12,-0.12,-0.61,-1.06,9.61
!!,0:1:20.911,80911,23.05
@@,0:1:20.939,80939,0,0
##,0:1:21.762,81762,98946.25,200.69
%%,0:1:21.767,81767,1.00,-0.05,0.03,-0.00,13.19,17.50,-54.06,0.00,0.00,-0.06,-0.62,-1.00,9.63
!!,0:1:21.865,81865,23.05
@@,0:1:21.893,81893,0,0
##,0:1:22.716,82716,98946.75,200.50
%%,0:1:22.720,82720,1.00,-0.05,0.03,-0.00,12.75,17.06,-53.25,0.00,-0.19,0.00,-0.60,-1.07,9.64
!!,0:1:22.820,82820,23.05
@@,0:1:22.847,82847,0,0
##,0:1:23.671,83671,98944.75,200.38
%%,0:1:23.675,83675,1.00,-0.05,0.03,-0.00,12.38,17.87,-54.38,0.12,0.00,0.00,-0.59,-1.07,9.62
!!,0:1:23.772,83772,23.05
@@,0:1:23.800,83800,0,0
##,0:1:24.623,84623,98946.50,200.56
%%,0:1:24.627,84627,1.00,-0.05,0.03,-0.00,12.38,17.06,-55.19,-0.12,0.12,-0.06,-0.62,-1.06,9.63
!!,0:1:24.728,84728,23.06
@@,0:1:24.756,84756,0,0
##,0:1:25.579,85579,98943.50,200.63
%%,0:1:25.584,85584,1.00,-0.05,0.03,-0.00,12.06,17.06,-54.06,0.00,-0.19,-0.06,-0.60,-1.02,9.64
!!,0:1:25.685,85685,23.06
@@,0:1:25.712,85712,0,0
##,0:1:26.536,86536,98945.75,200.63
%%,0:1:26.541,86541,1.00,-0.05,0.03,-0.00,12.38,17.50,-54.38,0.00,0.06,0.00,-0.59,-1.05,9.63
!!,0:1:26.637,86637,23.06
@@,0:1:26.665,86665,0,0
##,0:1:27.488,87488,98944.50,200.50
%%,0:1:27.493,87493,1.00,-0.05,0.03,-0.00,11.00,17.50,-53.25,0.00,0.25,0.00,-0.61,-1.03,9.61
!!,0:1:27.589,87589,23.06
@@,0:1:27.617,87617,0,0
##,0:1:28.440,88440,98947.75,200.81
%%,0:1:28.445,88445,1.00,-0.05,0.03,-0.00,12.75,17.06,-53.56,0.06,-0.06,0.06,-0.60,-1.05,9.61
!!,0:1:28.544,88544,23.06
@@,0:1:28.571,88571,0,0
##,0:1:29.395,89395,98945.25,200.88
%%,0:1:29.399,89399,1.00,-0.05,0.03,-0.00,12.06,17.06,-52.88,0.31,-0.06,0.12,-0.61,-1.06,9.63
!!,0:1:29.498,89498,23.07
@@,0:1:29.526,89526,0,0
##,0:1:30.349,90349,98942.75,200.81
%%,0:1:30.352,90352,1.00,-0.05,0.03,-0.00,12.06,17.87,-52.88,-0.06,0.12,-0.06,-0.62,-1.08,9.60
!!,0:1:30.455,90455,23.07
@@,0:1:30.482,90482,0,0
##,0:1:31.305,91305,98941.75,200.63
%%,0:1:31.311,91311,1.00,-0.05,0.03,-0.00,12.75,17.50,-53.25,-0.12,0.06,0.00,-0.61,-1.01,9.70
!!,0:1:31.409,91409,23.07
@@,0:1:31.437,91437,0,0
##,0:1:32.260,92260,98943.75,200.94
%%,0:1:32.265,92265,1.00,-0.05,0.03,-0.00,11.25,16.37,-53.69,0.06,0.06,0.00,-0.60,-1.07,9.60
!!,0:1:32.361,92361,23.07
@@,0:1:32.389,92389,0,0
##,0:1:33.65748,93212,98942.25,200.94
%%,0:1:33.65753,93217,1.00,-0.05,0.03,-0.00,12.06,17.06,-54.06,0.06,0.00,0.12,-0.60,-1.06,9.61
!!,0:1:33.65856,93320,23.07
@@,0:1:33.65885,93349,0,0
##,0:1:34.65711,94175,98944.75,200.50
%%,0:1:34.65716,94180,1.00,-0.05,0.03,-0.00,12.06,17.87,-54.06,0.00,-0.12,0.00,-0.63,-1.04,9.61
!!,0:1:34.65820,94284,23.07
@@,0:1:34.65850,94314,0,0
##,0:1:35.65675,95139,98941.75,200.75
%%,0:1:35.65680,95144,1.00,-0.05,0.03,-0.00,11.69,16.37,-53.25,0.06,0.00,-0.06,-0.60,-1.06,9.64
!!,0:1:35.65785,95249,23.08
@@,0:1:35.65816,95280,0,0
##,0:1:36.65640,96104,98944.75,200.88
%%,0:1:36.65644,96108,1.00,-0.05,0.03,-0.00,12.38,17.87,-53.69,-0.06,0.00,-0.06,-0.60,-1.05,9.64
!!,0:1:36.65753,96217,23.08
@@,0:1:36.65782,96246,0,0
##,0:1:37.65608,97072,98947.50,200.81
%%,0:1:37.65612,97076,1.00,-0.05,0.03,-0.00,12.38,17.06,-54.06,0.12,0.00,-0.06,-0.58,-1.05,9.62
!!,0:1:37.65717,97181,23.08
@@,0:1:37.65747,97211,0,0
##,0:1:38.65572,98036,98949.00,200.50
%%,0:1:38.65577,98041,1.00,-0.05,0.03,-0.00,12.06,17.06,-54.06,0.25,0.12,0.00,-0.61,-1.05,9.61
!!,0:1:38.65680,98144,23.08
@@,0:1:38.65709,98173,0,0
##,0:1:38.66535,98999,98943.00,200.81
%%,0:1:39.65540,99004,1.00,-0.05,0.03,-0.00,12.06,17.87,-53.69,-0.06,0.06,-0.12,-0.61,-1.04,9.64
!!,0:1:39.65646,99110,23.08
@@,0:1:39.65676,99140,0,0
##,0:1:39.66501,99965,98946.25,200.63
%%,0:1:39.66506,99970,1.00,-0.05,0.03,-0.00,12.75,17.06,-54.38,0.00,0.06,0.06,-0.62,-1.05,9.61
!!,0:1:40.65609,100073,23.08
@@,0:1:40.65641,100105,0,0
##,0:1:40.66466,100930,98949.25,200.69
%%,0:1:40.66470,100934,1.00,-0.05,0.03,-0.00,12.06,17.50,-53.69,0.12,0.00,0.12,-0.60,-1.02,9.61
!!,0:1:41.65578,101042,23.08
@@,0:1:41.65608,101072,0,0
##,0:1:41.66435,101899,98947.50,200.69
%%,0:1:41.66439,101903,1.00,-0.05,0.03,-0.00,12.38,17.06,-54.38,0.12,0.19,0.00,-0.61,-1.05,9.62
!!,0:1:42.65545,102009,23.08
@@,0:1:42.65576,102040,0,0
##,0:1:42.66402,102866,98946.75,200.38
%%,0:1:42.66407,102871,1.00,-0.05,0.03,-0.00,11.69,17.06,-54.06,-0.06,-0.06,-0.06,-0.60,-1.06,9.61
!!,0:1:42.66520,102984,23.08
@@,0:1:43.65551,103015,0,0
##,0:1:43.66377,103841,98948.00,200.31
%%,0:1:43.66381,103845,1.00,-0.05,0.03,-0.00,12.38,16.75,-54.38,0.00,0.00,0.00,-0.59,-1.04,9.64
!!,0:1:43.66488,103952,23.08
@@,0:1:43.66519,103983,0,0
##,0:1:44.66345,104809,98945.75,200.50
%%,0:1:44.66348,104812,1.00,-0.05,0.03,-0.00,12.38,17.50,-53.25,0.12,-0.12,0.06,-0.62,-1.05,9.61
!!,0:1:44.66458,104922,23.08
@@,0:1:44.66488,104952,0,0
##,0:1:45.66315,105779,98946.25,200.56
%%,0:1:45.66320,105784,1.00,-0.05,0.03,-0.00,12.75,17.50,-53.25,0.00,-0.06,-0.06,-0.62,-1.05,9.62
!!,0:1:45.66430,105894,23.08
@@,0:1:45.66461,105925,0,0
##,0:1:46.66288,106752,98948.00,200.63
%%,0:1:46.66292,106756,1.00,-0.05,0.03,-0.00,12.38,17.50,-54.06,-0.06,-0.12,0.06,-0.60,-1.07,9.63
!!,0:1:46.66402,106866,23.08
@@,0:1:46.66433,106897,0,0
##,0:1:47.66259,107723,98944.75,200.63
%%,0:1:47.66264,107728,1.00,-0.05,0.03,-0.00,12.06,17.87,-54.38,-0.06,-0.12,0.00,-0.60,-1.06,9.61
!!,0:1:47.66374,107838,23.09
@@,0:1:47.66405,107869,0,0
##,0:1:48.66231,108695,98942.75,200.69
%%,0:1:48.66236,108700,1.00,-0.05,0.03,-0.00,12.38,17.06,-52.50,-0.19,0.00,0.00,-0.61,-1.02,9.62
!!,0:1:48.66345,108809,23.09
@@,0:1:48.66375,108839,0,0
##,0:1:49.66202,109666,98946.50,200.50
%%,0:1:49.66206,109670,1.00,-0.05,0.03,-0.00,12.06,18.19,-54.75,-0.12,-0.12,-0.06,-0.61,-1.04,9.61
!!,0:1:49.66319,109783,23.09
@@,0:1:49.66349,109813,0,0
##,0:1:50.66176,110640,98945.00,200.75
%%,0:1:50.66180,110644,1.00,-0.05,0.03,-0.00,12.38,17.87,-54.06,0.00,-0.19,0.00,-0.60,-1.06,9.64
!!,0:1:50.66288,110752,23.09
@@,0:1:50.66319,110783,0,0
##,0:1:51.66145,111609,98946.50,200.63
%%,0:1:51.66150,111614,1.00,-0.05,0.03,-0.00,12.06,17.87,-53.25,-0.12,0.00,-0.06,-0.60,-1.07,9.62
!!,0:1:51.66261,111725,23.09
@@,0:1:51.66292,111756,0,0
##,0:1:52.66118,112582,98946.50,200.88
%%,0:1:52.66121,112585,1.00,-0.05,0.03,-0.00,13.19,17.06,-53.69,-0.06,0.06,0.12,-0.61,-1.04,9.64
!!,0:1:52.66231,112695,23.09
@@,0:1:52.66262,112726,0,0
##,0:1:53.66088,113552,98946.00,200.63
%%,0:1:53.66092,113556,1.00,-0.05,0.03,-0.00,13.19,17.87,-54.75,-0.06,-0.12,0.00,-0.60,-1.05,9.61
!!,0:1:53.66203,113667,23.09
@@,0:1:53.66234,113698,0,0
##,0:1:54.66060,114524,98942.00,200.81
%%,0:1:54.66064,114528,1.00,-0.05,0.03,-0.00,12.38,16.75,-52.88,0.00,0.12,-0.06,-0.59,-1.03,9.58
!!,0:1:54.66173,114637,23.09
@@,0:1:54.66204,114668,0,0
##,0:1:55.66030,115494,98942.50,200.69
%%,0:1:55.66036,115500,1.00,-0.05,0.03,-0.00,12.06,16.75,-54.75,0.12,-0.06,0.00,-0.60,-1.05,9.61
!!,0:1:55.66143,115607,23.09
@@,0:1:55.66174,115638,0,0
##,0:1:56.66000,116464,98945.75,200.94
%%,0:1:56.66004,116468,1.00,-0.06,0.02,-0.01,7.69,11.19,-31.19,3.38,-16.62,-44.63,-1.37,-1.32,9.85
!!,0:1:56.66117,116581,23.09
@@,0:1:56.66149,116613,0,0
##,0:1:57.65974,117438,98940.75,201.13
%%,0:1:57.65979,117443,0.99,-0.01,0.04,0.14,-1.19,-7.88,-32.38,25.37,9.56,1.31,-1.41,-0.11,7.44
!!,0:1:57.66086,117550,23.09
@@,0:1:57.66116,117580,0,0
##,0:1:58.65943,118407,98944.50,200.88
%%,0:1:58.65946,118410,0.98,0.01,0.02,0.20,-2.25,-12.25,-30.87,-2.94,8.00,12.50,-0.14,0.27,9.28
!!,0:1:58.66053,118517,23.09
@@,0:1:58.66084,118548,0,0
##,0:1:59.65910,119374,98945.75,200.88
%%,0:1:59.65914,119378,0.97,0.03,0.01,0.22,-3.06,-13.88,-33.38,1.31,-3.81,-7.00,-0.06,0.45,9.95
!!,0:1:59.66021,119485,23.09
@@,0:1:59.66053,119517,0,0
##,0:2:0.342,120342,98944.25,201.00
%%,0:2:0.346,120346,0.96,0.04,0.08,0.24,0.88,-15.06,-33.19,0.37,1.12,11.38,-1.47,1.07,9.28
!!,0:2:0.439,120439,23.09
@@,0:2:0.467,120467,0,0
##,0:2:1.290,121290,98941.75,201.13
%%,0:2:1.295,121295,0.97,0.01,0.10,0.21,3.19,-12.56,-33.19,8.69,-10.06,-7.94,-1.25,0.10,7.70
!!,0:2:1.392,121392,23.09
@@,0:2:1.419,121419,0,0
##,0:2:2.243,122243,98946.50,200.50
%%,0:2:2.248,122248,0.98,-0.03,0.04,0.19,1.69,-11.25,-35.06,-24.37,28.62,-7.44,-0.90,0.58,9.00
!!,0:2:2.348,122348,23.09
@@,0:2:2.376,122376,0,0
##,0:2:3.199,123199,98944.75,200.69
%%,0:2:3.203,123203,0.99,0.02,0.05,0.15,4.88,-15.69,-34.25,-37.94,-25.00,-0.12,-0.57,0.31,8.25
!!,0:2:3.304,123304,23.08
@@,0:2:3.332,123332,0,0
##,0:2:4.155,124155,98948.00,200.38
%%,0:2:4.161,124161,0.98,-0.01,0.01,0.20,-0.56,-12.19,-36.75,1.44,-14.00,-0.81,-0.08,-0.74,9.42
!!,0:2:4.263,124263,23.08
@@,0:2:4.291,124291,0,0
##,0:2:5.114,125114,98943.75,200.56
%%,0:2:5.118,125118,0.96,-0.01,0.05,0.28,-0.56,-13.19,-36.88,5.56,7.06,-15.13,-0.66,0.65,10.04
!!,0:2:5.219,125219,23.08
@@,0:2:5.247,125247,0,0
##,0:2:6.70,126070,98938.00,200.94
%%,0:2:6.75,126075,0.96,-0.02,0.05,0.26,0.69,-13.56,-36.50,-11.50,-4.31,-4.13,-1.19,-0.23,9.55
!!,0:2:6.175,126175,23.07
@@,0:2:6.202,126202,0,0
##,0:2:7.26,127026,98945.00,201.13
%%,0:2:7.30,127030,0.97,-0.03,0.06,0.23,3.19,-12.69,-36.50,-4.94,-21.94,8.19,-1.36,0.01,9.29
!!,0:2:7.126,127126,23.06
@@,0:2:7.154,127154,0,0
##,0:2:7.977,127977,98943.25,200.81
%%,0:2:7.982,127982,0.97,-0.05,-0.00,0.22,-1.88,-9.00,-38.75,30.50,49.63,-3.69,-0.75,-0.51,10.33
!!,0:2:8.87,128087,23.06
@@,0:2:8.113,128113,0,0
##,0:2:8.936,128936,98946.75,200.94
%%,0:2:8.940,128940,0.98,-0.02,-0.01,0.19,-2.69,-11.19,-37.75,16.50,16.31,4.06,0.12,-0.35,9.84
!!,0:2:9.42,129042,23.06
@@,0:2:9.69,129069,0,0
##,0:2:9.891,129891,98944.00,200.94
%%,0:2:9.894,129894,0.98,-0.03,-0.01,0.21,-2.00,-10.75,-39.75,-0.88,-0.19,2.94,0.15,-0.72,9.88
!!,0:2:9.996,129996,23.05
@@,0:2:10.24,130024,0,0
##,0:2:10.847,130847,98944.25,200.88
%%,0:2:10.851,130851,0.97,-0.02,-0.00,0.25,-0.88,7.69,-31.00,6.81,3.63,-2.19,-0.39,-0.32,9.92
!!,0:2:10.952,130952,23.05
@@,0:2:10.980,130980,0,0
##,0:2:11.805,131805,98946.50,200.88
%%,0:2:11.809,131809,0.98,-0.00,0.03,0.20,4.38,2.50,-32.56,-16.06,1.63,-6.44,-0.64,-0.22,10.58
!!,0:2:11.911,131911,23.05
@@,0:2:11.940,131940,0,0
##,0:2:12.764,132764,98941.75,200.63
%%,0:2:12.768,132768,0.98,-0.02,0.05,0.21,5.69,2.25,-34.00,-0.94,5.13,-0.12,-0.97,-0.03,9.34
!!,0:2:12.867,132867,23.05
@@,0:2:12.895,132895,0,0
##,0:2:13.720,133720,98939.00,200.81
%%,0:2:13.725,133725,0.98,0.02,0.08,0.20,5.88,-8.00,-34.19,-9.63,12.50,3.38,-1.32,0.30,9.36
!!,0:2:13.820,133820,23.05
@@,0:2:13.849,133849,0,0
##,0:2:14.673,134673,98939.50,201.25
%%,0:2:14.678,134678,0.98,0.02,0.08,0.20,6.50,-6.88,-34.06,11.56,3.25,-3.50,-1.25,0.17,6.67
!!,0:2:14.773,134773,23.04
@@,0:2:14.802,134802,0,0
##,0:2:15.626,135626,98942.75,201.06
%%,0:2:15.630,135630,0.99,-0.01,0.03,0.16,6.38,-7.56,-35.69,3.31,1.63,-2.44,-0.47,-0.19,9.45
!!,0:2:15.729,135729,23.04
@@,0:2:15.757,135757,0,0
##,0:2:16.582,136582,98940.50,201.06
%%,0:2:16.586,136586,0.99,-0.04,0.05,0.16,9.06,-6.06,-37.88,-4.38,1.88,-1.50,-1.00,-0.62,9.55
!!,0:2:16.686,136686,23.04
@@,0:2:16.716,136716,0,0
##,0:2:17.539,137539,98940.00,201.19
%%,0:2:17.544,137544,0.99,-0.04,0.05,0.15,9.06,-6.06,-37.00,-2.88,0.56,-0.75,-0.91,-0.51,9.74
!!,0:2:17.644,137644,23.03
@@,0:2:17.673,137673,0,0
##,0:2:18.497,138497,98938.00,201.31
%%,0:2:18.501,138501,0.99,-0.03,0.04,0.17,6.56,-6.25,-37.69,16.06,-8.00,4.81,-0.71,-0.11,9.68
!!,0:2:18.601,138601,23.03
@@,0:2:18.631,138631,0,0
##,0:2:19.454,139454,98943.00,201.13
%%,0:2:19.459,139459,0.98,0.01,0.04,0.17,6.06,-8.75,-35.50,-4.94,3.06,4.94,-0.67,0.33,9.50
!!,0:2:19.552,139552,23.03
@@,0:2:19.582,139582,0,0
##,0:2:20.405,140405,98943.00,201.25
%%,0:2:20.410,140410,0.98,-0.02,0.03,0.19,4.56,-8.56,-38.19,3.44,6.25,3.88,-0.63,-0.54,9.61
!!,0:2:20.506,140506,23.03
@@,0:2:20.535,140535,0,0
##,0:2:21.359,141359,98944.50,201.00
%%,0:2:21.364,141364,0.98,-0.02,0.03,0.19,4.75,-9.00,-37.75,-3.06,0.69,0.69,-0.54,-0.31,9.63
!!,0:2:21.461,141461,23.02
@@,0:2:21.491,141491,0,0
##,0:2:22.314,142314,98943.75,200.94
%%,0:2:22.319,142319,0.98,-0.02,0.03,0.19,4.75,-8.56,-38.56,1.31,5.50,-1.56,-0.52,-0.23,9.74
!!,0:2:22.416,142416,23.02
@@,0:2:22.446,142446,0,0
##,0:2:23.269,143269,98946.50,201.13
%%,0:2:23.273,143273,0.98,-0.02,0.03,0.19,4.06,-8.88,-37.38,-1.81,2.63,1.81,-0.46,-0.26,9.75
!!,0:2:23.373,143373,23.02
@@,0:2:23.401,143401,0,0
##,0:2:24.225,144225,98946.25,200.94
%%,0:2:24.229,144229,0.98,-0.02,0.02,0.19,3.38,-8.50,-38.19,2.94,-3.50,-0.19,-0.57,-0.29,9.55
!!,0:2:24.330,144330,23.02
@@,0:2:24.359,144359,0,0
##,0:2:25.183,145183,98939.75,201.06
%%,0:2:25.186,145186,0.98,-0.02,0.02,0.19,4.19,-8.19,-37.00,-2.88,-0.06,0.37,-0.31,-0.37,9.63
!!,0:2:25.288,145288,23.02
@@,0:2:25.316,145316,0,0
##,0:2:26.141,146141,98940.50,201.13
%%,0:2:26.144,146144,0.98,-0.03,0.02,0.20,4.75,-7.38,-37.88,-9.25,-9.31,-2.69,-0.53,-0.73,9.78
!!,0:2:26.247,146247,23.02
@@,0:2:26.276,146276,0,0
##,0:2:27.100,147100,98943.75,200.94
%%,0:2:27.103,147103,0.98,-0.03,0.02,0.20,4.06,-7.50,-37.06,2.75,-1.37,0.69,-0.42,-0.41,9.62
!!,0:2:27.203,147203,23.02
@@,0:2:27.231,147231,0,0
##,0:2:28.56,148056,98943.00,200.94
%%,0:2:28.60,148060,0.98,-0.03,0.02,0.20,2.88,-7.88,-39.56,-1.75,-2.25,-2.88,-0.38,-0.36,9.68
!!,0:2:28.159,148159,23.02
@@,0:2:28.188,148188,0,0
##,0:2:29.12,149012,98940.75,201.19
%%,0:2:29.16,149016,0.98,-0.03,0.02,0.21,3.25,-7.50,-38.38,-2.44,-0.06,1.50,-0.49,-0.53,9.64
!!,0:2:29.113,149113,23.02
@@,0:2:29.142,149142,0,0
##,0:2:29.966,149966,98942.50,201.13
%%,0:2:29.969,149969,0.98,-0.03,0.02,0.21,2.88,-7.06,-38.00,1.19,-0.12,-0.88,-0.33,-0.55,9.76
!!,0:2:30.71,150071,23.02
@@,0:2:30.98,150098,0,0
##,0:2:30.922,150922,98943.75,201.31
%%,0:2:30.926,150926,0.98,-0.03,0.02,0.21,2.50,-7.88,-37.69,-0.75,0.75,-0.06,-0.41,-0.57,9.65
!!,0:2:31.26,151026,23.02
@@,0:2:31.54,151054,0,0
##,0:2:31.877,151877,98941.75,201.19
%%,0:2:31.881,151881,0.98,-0.03,0.03,0.20,4.00,-7.38,-38.88,9.69,-6.25,-4.44,-0.99,-0.30,10.03
!!,0:2:31.984,151984,23.02
@@,0:2:32.12,152012,0,0
##,0:2:32.836,152836,98940.00,201.13
%%,0:2:32.839,152839,0.98,0.05,0.04,0.18,4.25,-14.25,-37.06,12.19,2.75,-7.25,-0.57,1.53,10.92
!!,0:2:32.940,152940,23.02
@@,0:2:32.969,152969,0,0
##,0:2:33.66329,153793,98942.50,200.81
%%,0:2:33.66334,153798,0.97,0.11,0.04,0.20,2.06,-19.00,-33.88,27.06,4.44,0.94,-0.56,1.70,9.35
!!,0:2:33.66436,153900,23.02
@@,0:2:33.66466,153930,0,0
##,0:2:34.66293,154757,98939.00,201.06
%%,0:2:34.66297,154761,0.99,-0.04,0.10,-0.02,17.87,-10.38,-38.88,-8.63,-11.81,-45.75,-2.18,-1.94,9.14
!!,0:2:34.66417,154881,23.02
@@,0:2:34.66447,154911,0,0
##,0:2:35.66274,155738,98940.25,201.13
%%,0:2:35.66278,155742,0.99,-0.06,-0.00,-0.10,11.75,-7.38,-45.56,0.44,5.44,-6.38,0.11,-0.79,9.73
!!,0:2:35.66386,155850,23.01
@@,0:2:35.66417,155881,0,0
##,0:2:36.66243,156707,98944.75,201.19
%%,0:2:36.66247,156711,0.99,-0.06,0.04,-0.09,15.88,-6.38,-44.88,-0.25,0.06,0.00,-0.47,-1.07,9.60
!!,0:2:36.66356,156820,23.01
@@,0:2:36.66387,156851,0,0
##,0:2:37.66213,157677,98939.75,201.38
%%,0:2:37.66217,157681,0.99,-0.05,0.04,-0.09,16.25,-6.38,-45.69,-0.06,0.06,-0.12,-0.54,-1.10,9.62
!!,0:2:37.66329,157793,23.01
@@,0:2:37.66360,157824,0,0
